lighting_condition,distance_to_event,stress_level,familiarity_with_subject,sensory_clarity,reliability_score,likely_failure_modes,notes
bright,close (<3m),calm,familiar,high,0.9,none,Witness very confident; high environmental clarity.
bright,medium (3–10m),mildly stressed,slight,high,0.82,minor detail loss,Clear lighting but mild stress present.
bright,far (10–30m),calm,none,medium,0.68,misidentification,Distance introduces recognition uncertainty.
bright,very far (>30m),stressed,none,medium,0.52,missing details,Witness strained to observe events at distance.
normal indoor,close (<3m),calm,close acquaintance,high,0.88,none,Strong familiarity enhances accuracy.
normal indoor,medium (3–10m),stressed,familiar,medium,0.71,time distortion,Stress may affect sequencing.
normal indoor,far (10–30m),mildly stressed,none,medium,0.63,misidentification,Limited visibility and weak familiarity.
normal indoor,very far (>30m),panicked,none,low,0.3,misidentification; memory blending,High stress and extreme distance reduce reliability.
dim,close (<3m),calm,slight,medium,0.76,minor detail loss,Lighting creates soft edges around details.
dim,medium (3–10m),mildly stressed,none,low,0.49,missing details,Witness struggled to see clearly.
dim,far (10–30m),stressed,none,low,0.35,misidentification; time distortion,Low light + stress amplify errors.
dim,very far (>30m),panicked,none,low,0.2,missing details; memory blending,Witness could not see key features.
low-light,close (<3m),stressed,familiar,medium,0.7,time distortion,Stress but high familiarity maintains some reliability.
low-light,medium (3–10m),calm,none,medium,0.6,missing details,Calm but low-light reduces clarity.
low-light,far (10–30m),mildly stressed,slight,low,0.42,misidentification,Witness uncertain about shapes and movement.
low-light,very far (>30m),stressed,none,low,0.25,missing details; misperception,Very low visibility.
backlit,close (<3m),calm,slight,medium,0.72,minor detail loss,Backlighting obscures facial features.
backlit,medium (3–10m),mildly stressed,familiar,medium,0.66,missing details,Strong silhouette effect reduces detail accuracy.
backlit,far (10–30m),stressed,none,low,0.4,misidentification,Backlight + stress distort perception.
backlit,very far (>30m),panicked,none,low,0.18,missing details; memory blending,Witness overwhelmed and unable to distinguish features.
bright,close (<3m),calm,none,high,0.9,none,Scene was brightly lit. Witness was very close to the event. Witness remained relatively calm. No prior familiarity with the subject. Details appeared sharp and distinct. Overall recollection is strong and internally consistent.
bright,close (<3m),calm,slight,medium,0.79,minor detail loss,"Scene was brightly lit. Witness was very close to the event. Witness remained relatively calm. Only slight prior familiarity. Some features were clear, others less so. Recollection is usable but may lack some finer details."
bright,close (<3m),calm,familiar,medium,0.8,minor detail loss,"Scene was brightly lit. Witness was very close to the event. Witness remained relatively calm. Generally familiar with the subject. Some features were clear, others less so. Recollection is usable but may lack some finer details."
bright,close (<3m),calm,close acquaintance,medium,0.81,minor detail loss,"Scene was brightly lit. Witness was very close to the event. Witness remained relatively calm. Close acquaintance or friend. Some features were clear, others less so. Recollection is usable but may lack some finer details."
bright,close (<3m),mildly stressed,none,high,0.83,minor detail loss,Scene was brightly lit. Witness was very close to the event. Witness reported mild stress. No prior familiarity with the subject. Details appeared sharp and distinct. Overall recollection is strong and internally consistent.
bright,close (<3m),mildly stressed,slight,high,0.84,minor detail loss,Scene was brightly lit. Witness was very close to the event. Witness reported mild stress. Only slight prior familiarity. Details appeared sharp and distinct. Overall recollection is strong and internally consistent.
bright,close (<3m),mildly stressed,familiar,high,0.85,none,Scene was brightly lit. Witness was very close to the event. Witness reported mild stress. Generally familiar with the subject. Details appeared sharp and distinct. Overall recollection is strong and internally consistent.
bright,close (<3m),mildly stressed,close acquaintance,high,0.86,none,Scene was brightly lit. Witness was very close to the event. Witness reported mild stress. Close acquaintance or friend. Details appeared sharp and distinct. Overall recollection is strong and internally consistent.
bright,close (<3m),stressed,none,medium,0.65,missing details,"Scene was brightly lit. Witness was very close to the event. Witness was visibly tense. No prior familiarity with the subject. Some features were clear, others less so. Recollection is usable but may lack some finer details."
bright,close (<3m),stressed,slight,medium,0.66,missing details,"Scene was brightly lit. Witness was very close to the event. Witness was visibly tense. Only slight prior familiarity. Some features were clear, others less so. Recollection is usable but may lack some finer details."
bright,close (<3m),stressed,familiar,high,0.74,time distortion,Scene was brightly lit. Witness was very close to the event. Witness was visibly tense. Generally familiar with the subject. Details appeared sharp and distinct. Recollection is usable but may lack some finer details.
bright,close (<3m),stressed,close acquaintance,medium,0.67,missing details,"Scene was brightly lit. Witness was very close to the event. Witness was visibly tense. Close acquaintance or friend. Some features were clear, others less so. Recollection is usable but may lack some finer details."
bright,close (<3m),panicked,none,high,0.6,time distortion,Scene was brightly lit. Witness was very close to the event. Witness described feeling panicked. No prior familiarity with the subject. Details appeared sharp and distinct. Recollection is usable but may lack some finer details.
bright,close (<3m),panicked,slight,medium,0.51,misidentification,"Scene was brightly lit. Witness was very close to the event. Witness described feeling panicked. Only slight prior familiarity. Some features were clear, others less so. Account is partial and should be cross-checked with other sources."
bright,close (<3m),panicked,familiar,medium,0.52,misidentification,"Scene was brightly lit. Witness was very close to the event. Witness described feeling panicked. Generally familiar with the subject. Some features were clear, others less so. Account is partial and should be cross-checked with other sources."
bright,close (<3m),panicked,close acquaintance,low,0.39,misidentification,Scene was brightly lit. Witness was very close to the event. Witness described feeling panicked. Close acquaintance or friend. Key features were difficult to make out. Account is partial and should be cross-checked with other sources.
bright,medium (3–10m),calm,none,high,0.82,minor detail loss,Scene was brightly lit. Witness observed from moderate distance. Witness remained relatively calm. No prior familiarity with the subject. Details appeared sharp and distinct. Overall recollection is strong and internally consistent.
bright,medium (3–10m),calm,slight,medium,0.71,time distortion,"Scene was brightly lit. Witness observed from moderate distance. Witness remained relatively calm. Only slight prior familiarity. Some features were clear, others less so. Recollection is usable but may lack some finer details."
bright,medium (3–10m),calm,familiar,medium,0.72,missing details,"Scene was brightly lit. Witness observed from moderate distance. Witness remained relatively calm. Generally familiar with the subject. Some features were clear, others less so. Recollection is usable but may lack some finer details."
bright,medium (3–10m),calm,close acquaintance,high,0.86,none,Scene was brightly lit. Witness observed from moderate distance. Witness remained relatively calm. Close acquaintance or friend. Details appeared sharp and distinct. Overall recollection is strong and internally consistent.
bright,medium (3–10m),mildly stressed,none,medium,0.63,missing details,"Scene was brightly lit. Witness observed from moderate distance. Witness reported mild stress. No prior familiarity with the subject. Some features were clear, others less so. Recollection is usable but may lack some finer details."
bright,medium (3–10m),mildly stressed,slight,medium,0.64,missing details,"Scene was brightly lit. Witness observed from moderate distance. Witness reported mild stress. Only slight prior familiarity. Some features were clear, others less so. Recollection is usable but may lack some finer details."
bright,medium (3–10m),mildly stressed,familiar,medium,0.65,missing details,"Scene was brightly lit. Witness observed from moderate distance. Witness reported mild stress. Generally familiar with the subject. Some features were clear, others less so. Recollection is usable but may lack some finer details."
bright,medium (3–10m),mildly stressed,close acquaintance,medium,0.66,missing details,"Scene was brightly lit. Witness observed from moderate distance. Witness reported mild stress. Close acquaintance or friend. Some features were clear, others less so. Recollection is usable but may lack some finer details."
bright,medium (3–10m),stressed,none,high,0.66,missing details,Scene was brightly lit. Witness observed from moderate distance. Witness was visibly tense. No prior familiarity with the subject. Details appeared sharp and distinct. Recollection is usable but may lack some finer details.
bright,medium (3–10m),stressed,slight,high,0.67,missing details,Scene was brightly lit. Witness observed from moderate distance. Witness was visibly tense. Only slight prior familiarity. Details appeared sharp and distinct. Recollection is usable but may lack some finer details.
bright,medium (3–10m),stressed,familiar,high,0.68,missing details,Scene was brightly lit. Witness observed from moderate distance. Witness was visibly tense. Generally familiar with the subject. Details appeared sharp and distinct. Recollection is usable but may lack some finer details.
bright,medium (3–10m),stressed,close acquaintance,medium,0.59,misidentification,"Scene was brightly lit. Witness observed from moderate distance. Witness was visibly tense. Close acquaintance or friend. Some features were clear, others less so. Recollection is usable but may lack some finer details."
bright,medium (3–10m),panicked,none,medium,0.48,misidentification,"Scene was brightly lit. Witness observed from moderate distance. Witness described feeling panicked. No prior familiarity with the subject. Some features were clear, others less so. Account is partial and should be cross-checked with other sources."
bright,medium (3–10m),panicked,slight,medium,0.49,misidentification,"Scene was brightly lit. Witness observed from moderate distance. Witness described feeling panicked. Only slight prior familiarity. Some features were clear, others less so. Account is partial and should be cross-checked with other sources."
bright,medium (3–10m),panicked,familiar,low,0.33,misidentification; time distortion,"Scene was brightly lit. Witness observed from moderate distance. Witness described feeling panicked. Generally familiar with the subject. Key features were difficult to make out. Account is fragile; use primarily as a lead, not a stand-alone source."
bright,medium (3–10m),panicked,close acquaintance,low,0.34,misidentification; time distortion,"Scene was brightly lit. Witness observed from moderate distance. Witness described feeling panicked. Close acquaintance or friend. Key features were difficult to make out. Account is fragile; use primarily as a lead, not a stand-alone source."
bright,far (10–30m),calm,slight,high,0.74,minor detail loss,Scene was brightly lit. Witness watched from across the area. Witness remained relatively calm. Only slight prior familiarity. Details appeared sharp and distinct. Recollection is usable but may lack some finer details.
bright,far (10–30m),calm,familiar,high,0.75,minor detail loss,Scene was brightly lit. Witness watched from across the area. Witness remained relatively calm. Generally familiar with the subject. Details appeared sharp and distinct. Recollection is usable but may lack some finer details.
bright,far (10–30m),calm,close acquaintance,medium,0.67,missing details,"Scene was brightly lit. Witness watched from across the area. Witness remained relatively calm. Close acquaintance or friend. Some features were clear, others less so. Recollection is usable but may lack some finer details."
bright,far (10–30m),mildly stressed,none,medium,0.57,missing details,"Scene was brightly lit. Witness watched from across the area. Witness reported mild stress. No prior familiarity with the subject. Some features were clear, others less so. Recollection is usable but may lack some finer details."
bright,far (10–30m),mildly stressed,slight,medium,0.58,missing details,"Scene was brightly lit. Witness watched from across the area. Witness reported mild stress. Only slight prior familiarity. Some features were clear, others less so. Recollection is usable but may lack some finer details."
bright,far (10–30m),mildly stressed,familiar,medium,0.59,missing details,"Scene was brightly lit. Witness watched from across the area. Witness reported mild stress. Generally familiar with the subject. Some features were clear, others less so. Recollection is usable but may lack some finer details."
bright,far (10–30m),mildly stressed,close acquaintance,low,0.44,misidentification,Scene was brightly lit. Witness watched from across the area. Witness reported mild stress. Close acquaintance or friend. Key features were difficult to make out. Account is partial and should be cross-checked with other sources.
bright,far (10–30m),stressed,none,medium,0.49,misidentification,"Scene was brightly lit. Witness watched from across the area. Witness was visibly tense. No prior familiarity with the subject. Some features were clear, others less so. Account is partial and should be cross-checked with other sources."
bright,far (10–30m),stressed,slight,medium,0.5,misidentification,"Scene was brightly lit. Witness watched from across the area. Witness was visibly tense. Only slight prior familiarity. Some features were clear, others less so. Account is partial and should be cross-checked with other sources."
bright,far (10–30m),stressed,familiar,low,0.35,misidentification; time distortion,"Scene was brightly lit. Witness watched from across the area. Witness was visibly tense. Generally familiar with the subject. Key features were difficult to make out. Account is fragile; use primarily as a lead, not a stand-alone source."
bright,far (10–30m),stressed,close acquaintance,low,0.36,misidentification; time distortion,"Scene was brightly lit. Witness watched from across the area. Witness was visibly tense. Close acquaintance or friend. Key features were difficult to make out. Account is fragile; use primarily as a lead, not a stand-alone source."
bright,far (10–30m),panicked,none,low,0.29,misidentification; time distortion,"Scene was brightly lit. Witness watched from across the area. Witness described feeling panicked. No prior familiarity with the subject. Key features were difficult to make out. Account is fragile; use primarily as a lead, not a stand-alone source."
bright,far (10–30m),panicked,slight,low,0.3,misidentification; time distortion,"Scene was brightly lit. Witness watched from across the area. Witness described feeling panicked. Only slight prior familiarity. Key features were difficult to make out. Account is fragile; use primarily as a lead, not a stand-alone source."
bright,far (10–30m),panicked,familiar,low,0.31,misidentification; time distortion,"Scene was brightly lit. Witness watched from across the area. Witness described feeling panicked. Generally familiar with the subject. Key features were difficult to make out. Account is fragile; use primarily as a lead, not a stand-alone source."
bright,far (10–30m),panicked,close acquaintance,low,0.32,misidentification; time distortion,"Scene was brightly lit. Witness watched from across the area. Witness described feeling panicked. Close acquaintance or friend. Key features were difficult to make out. Account is fragile; use primarily as a lead, not a stand-alone source."
bright,very far (>30m),calm,none,high,0.58,missing details,Scene was brightly lit. Witness was observing from far away. Witness remained relatively calm. No prior familiarity with the subject. Details appeared sharp and distinct. Recollection is usable but may lack some finer details.
bright,very far (>30m),calm,slight,medium,0.49,misidentification,"Scene was brightly lit. Witness was observing from far away. Witness remained relatively calm. Only slight prior familiarity. Some features were clear, others less so. Account is partial and should be cross-checked with other sources."
bright,very far (>30m),calm,familiar,medium,0.5,misidentification,"Scene was brightly lit. Witness was observing from far away. Witness remained relatively calm. Generally familiar with the subject. Some features were clear, others less so. Account is partial and should be cross-checked with other sources."
bright,very far (>30m),calm,close acquaintance,low,0.35,misidentification; time distortion,"Scene was brightly lit. Witness was observing from far away. Witness remained relatively calm. Close acquaintance or friend. Key features were difficult to make out. Account is fragile; use primarily as a lead, not a stand-alone source."
bright,very far (>30m),mildly stressed,none,medium,0.41,misidentification,"Scene was brightly lit. Witness was observing from far away. Witness reported mild stress. No prior familiarity with the subject. Some features were clear, others less so. Account is partial and should be cross-checked with other sources."
bright,very far (>30m),mildly stressed,slight,medium,0.42,misidentification,"Scene was brightly lit. Witness was observing from far away. Witness reported mild stress. Only slight prior familiarity. Some features were clear, others less so. Account is partial and should be cross-checked with other sources."
bright,very far (>30m),mildly stressed,familiar,low,0.27,misidentification; time distortion,"Scene was brightly lit. Witness was observing from far away. Witness reported mild stress. Generally familiar with the subject. Key features were difficult to make out. Account is fragile; use primarily as a lead, not a stand-alone source."
bright,very far (>30m),mildly stressed,close acquaintance,low,0.28,misidentification; time distortion,"Scene was brightly lit. Witness was observing from far away. Witness reported mild stress. Close acquaintance or friend. Key features were difficult to make out. Account is fragile; use primarily as a lead, not a stand-alone source."
bright,very far (>30m),stressed,slight,medium,0.43,misidentification,"Scene was brightly lit. Witness was observing from far away. Witness was visibly tense. Only slight prior familiarity. Some features were clear, others less so. Account is partial and should be cross-checked with other sources."
bright,very far (>30m),stressed,familiar,low,0.28,misidentification; time distortion,"Scene was brightly lit. Witness was observing from far away. Witness was visibly tense. Generally familiar with the subject. Key features were difficult to make out. Account is fragile; use primarily as a lead, not a stand-alone source."
bright,very far (>30m),stressed,close acquaintance,low,0.29,misidentification; time distortion,"Scene was brightly lit. Witness was observing from far away. Witness was visibly tense. Close acquaintance or friend. Key features were difficult to make out. Account is fragile; use primarily as a lead, not a stand-alone source."
bright,very far (>30m),panicked,none,low,0.21,missing details; memory blending,Scene was brightly lit. Witness was observing from far away. Witness described feeling panicked. No prior familiarity with the subject. Key features were difficult to make out. Account is highly unreliable and best treated as background context.
bright,very far (>30m),panicked,slight,low,0.22,missing details; memory blending,Scene was brightly lit. Witness was observing from far away. Witness described feeling panicked. Only slight prior familiarity. Key features were difficult to make out. Account is highly unreliable and best treated as background context.
bright,very far (>30m),panicked,familiar,low,0.23,missing details; memory blending,Scene was brightly lit. Witness was observing from far away. Witness described feeling panicked. Generally familiar with the subject. Key features were difficult to make out. Account is highly unreliable and best treated as background context.
bright,very far (>30m),panicked,close acquaintance,low,0.24,missing details; memory blending,Scene was brightly lit. Witness was observing from far away. Witness described feeling panicked. Close acquaintance or friend. Key features were difficult to make out. Account is highly unreliable and best treated as background context.
normal indoor,close (<3m),calm,none,high,0.85,none,Typical indoor lighting conditions. Witness was very close to the event. Witness remained relatively calm. No prior familiarity with the subject. Details appeared sharp and distinct. Overall recollection is strong and internally consistent.
normal indoor,close (<3m),calm,slight,high,0.86,none,Typical indoor lighting conditions. Witness was very close to the event. Witness remained relatively calm. Only slight prior familiarity. Details appeared sharp and distinct. Overall recollection is strong and internally consistent.
normal indoor,close (<3m),calm,familiar,medium,0.76,minor detail loss,"Typical indoor lighting conditions. Witness was very close to the event. Witness remained relatively calm. Generally familiar with the subject. Some features were clear, others less so. Recollection is usable but may lack some finer details."
normal indoor,close (<3m),mildly stressed,none,high,0.78,minor detail loss,Typical indoor lighting conditions. Witness was very close to the event. Witness reported mild stress. No prior familiarity with the subject. Details appeared sharp and distinct. Overall recollection is strong and internally consistent.
normal indoor,close (<3m),mildly stressed,slight,medium,0.69,time distortion,"Typical indoor lighting conditions. Witness was very close to the event. Witness reported mild stress. Only slight prior familiarity. Some features were clear, others less so. Recollection is usable but may lack some finer details."
normal indoor,close (<3m),mildly stressed,familiar,high,0.8,minor detail loss,Typical indoor lighting conditions. Witness was very close to the event. Witness reported mild stress. Generally familiar with the subject. Details appeared sharp and distinct. Recollection is usable but may lack some finer details.
normal indoor,close (<3m),mildly stressed,close acquaintance,high,0.81,minor detail loss,Typical indoor lighting conditions. Witness was very close to the event. Witness reported mild stress. Close acquaintance or friend. Details appeared sharp and distinct. Recollection is usable but may lack some finer details.
normal indoor,close (<3m),stressed,none,medium,0.61,missing details,"Typical indoor lighting conditions. Witness was very close to the event. Witness was visibly tense. No prior familiarity with the subject. Some features were clear, others less so. Recollection is usable but may lack some finer details."
normal indoor,close (<3m),stressed,slight,medium,0.62,missing details,"Typical indoor lighting conditions. Witness was very close to the event. Witness was visibly tense. Only slight prior familiarity. Some features were clear, others less so. Recollection is usable but may lack some finer details."
normal indoor,close (<3m),stressed,familiar,medium,0.63,missing details,"Typical indoor lighting conditions. Witness was very close to the event. Witness was visibly tense. Generally familiar with the subject. Some features were clear, others less so. Recollection is usable but may lack some finer details."
normal indoor,close (<3m),stressed,close acquaintance,medium,0.64,missing details,"Typical indoor lighting conditions. Witness was very close to the event. Witness was visibly tense. Close acquaintance or friend. Some features were clear, others less so. Recollection is usable but may lack some finer details."
normal indoor,close (<3m),panicked,none,high,0.55,misidentification,Typical indoor lighting conditions. Witness was very close to the event. Witness described feeling panicked. No prior familiarity with the subject. Details appeared sharp and distinct. Account is partial and should be cross-checked with other sources.
normal indoor,close (<3m),panicked,slight,medium,0.46,misidentification,"Typical indoor lighting conditions. Witness was very close to the event. Witness described feeling panicked. Only slight prior familiarity. Some features were clear, others less so. Account is partial and should be cross-checked with other sources."
normal indoor,close (<3m),panicked,familiar,low,0.31,misidentification; time distortion,"Typical indoor lighting conditions. Witness was very close to the event. Witness described feeling panicked. Generally familiar with the subject. Key features were difficult to make out. Account is fragile; use primarily as a lead, not a stand-alone source."
normal indoor,close (<3m),panicked,close acquaintance,low,0.32,misidentification; time distortion,"Typical indoor lighting conditions. Witness was very close to the event. Witness described feeling panicked. Close acquaintance or friend. Key features were difficult to make out. Account is fragile; use primarily as a lead, not a stand-alone source."
normal indoor,medium (3–10m),calm,none,high,0.77,minor detail loss,Typical indoor lighting conditions. Witness observed from moderate distance. Witness remained relatively calm. No prior familiarity with the subject. Details appeared sharp and distinct. Recollection is usable but may lack some finer details.
normal indoor,medium (3–10m),calm,slight,medium,0.68,time distortion,"Typical indoor lighting conditions. Witness observed from moderate distance. Witness remained relatively calm. Only slight prior familiarity. Some features were clear, others less so. Recollection is usable but may lack some finer details."
normal indoor,medium (3–10m),calm,familiar,medium,0.69,time distortion,"Typical indoor lighting conditions. Witness observed from moderate distance. Witness remained relatively calm. Generally familiar with the subject. Some features were clear, others less so. Recollection is usable but may lack some finer details."
normal indoor,medium (3–10m),calm,close acquaintance,medium,0.7,time distortion,"Typical indoor lighting conditions. Witness observed from moderate distance. Witness remained relatively calm. Close acquaintance or friend. Some features were clear, others less so. Recollection is usable but may lack some finer details."
normal indoor,medium (3–10m),mildly stressed,none,medium,0.6,missing details,"Typical indoor lighting conditions. Witness observed from moderate distance. Witness reported mild stress. No prior familiarity with the subject. Some features were clear, others less so. Recollection is usable but may lack some finer details."
normal indoor,medium (3–10m),mildly stressed,slight,medium,0.61,missing details,"Typical indoor lighting conditions. Witness observed from moderate distance. Witness reported mild stress. Only slight prior familiarity. Some features were clear, others less so. Recollection is usable but may lack some finer details."
normal indoor,medium (3–10m),mildly stressed,familiar,medium,0.62,missing details,"Typical indoor lighting conditions. Witness observed from moderate distance. Witness reported mild stress. Generally familiar with the subject. Some features were clear, others less so. Recollection is usable but may lack some finer details."
normal indoor,medium (3–10m),mildly stressed,close acquaintance,medium,0.63,missing details,"Typical indoor lighting conditions. Witness observed from moderate distance. Witness reported mild stress. Close acquaintance or friend. Some features were clear, others less so. Recollection is usable but may lack some finer details."
normal indoor,medium (3–10m),stressed,none,high,0.69,time distortion,Typical indoor lighting conditions. Witness observed from moderate distance. Witness was visibly tense. No prior familiarity with the subject. Details appeared sharp and distinct. Recollection is usable but may lack some finer details.
normal indoor,medium (3–10m),stressed,slight,high,0.7,time distortion,Typical indoor lighting conditions. Witness observed from moderate distance. Witness was visibly tense. Only slight prior familiarity. Details appeared sharp and distinct. Recollection is usable but may lack some finer details.
normal indoor,medium (3–10m),stressed,familiar,high,0.71,time distortion,Typical indoor lighting conditions. Witness observed from moderate distance. Witness was visibly tense. Generally familiar with the subject. Details appeared sharp and distinct. Recollection is usable but may lack some finer details.
normal indoor,medium (3–10m),stressed,close acquaintance,medium,0.62,missing details,"Typical indoor lighting conditions. Witness observed from moderate distance. Witness was visibly tense. Close acquaintance or friend. Some features were clear, others less so. Recollection is usable but may lack some finer details."
normal indoor,medium (3–10m),panicked,none,medium,0.51,misidentification,"Typical indoor lighting conditions. Witness observed from moderate distance. Witness described feeling panicked. No prior familiarity with the subject. Some features were clear, others less so. Account is partial and should be cross-checked with other sources."
normal indoor,medium (3–10m),panicked,slight,medium,0.52,misidentification,"Typical indoor lighting conditions. Witness observed from moderate distance. Witness described feeling panicked. Only slight prior familiarity. Some features were clear, others less so. Account is partial and should be cross-checked with other sources."
normal indoor,medium (3–10m),panicked,familiar,low,0.37,misidentification; time distortion,"Typical indoor lighting conditions. Witness observed from moderate distance. Witness described feeling panicked. Generally familiar with the subject. Key features were difficult to make out. Account is fragile; use primarily as a lead, not a stand-alone source."
normal indoor,medium (3–10m),panicked,close acquaintance,low,0.38,misidentification; time distortion,"Typical indoor lighting conditions. Witness observed from moderate distance. Witness described feeling panicked. Close acquaintance or friend. Key features were difficult to make out. Account is fragile; use primarily as a lead, not a stand-alone source."
normal indoor,far (10–30m),calm,none,high,0.69,time distortion,Typical indoor lighting conditions. Witness watched from across the area. Witness remained relatively calm. No prior familiarity with the subject. Details appeared sharp and distinct. Recollection is usable but may lack some finer details.
normal indoor,far (10–30m),calm,slight,medium,0.6,missing details,"Typical indoor lighting conditions. Witness watched from across the area. Witness remained relatively calm. Only slight prior familiarity. Some features were clear, others less so. Recollection is usable but may lack some finer details."
normal indoor,far (10–30m),calm,familiar,medium,0.61,missing details,"Typical indoor lighting conditions. Witness watched from across the area. Witness remained relatively calm. Generally familiar with the subject. Some features were clear, others less so. Recollection is usable but may lack some finer details."
normal indoor,far (10–30m),calm,close acquaintance,medium,0.62,missing details,"Typical indoor lighting conditions. Witness watched from across the area. Witness remained relatively calm. Close acquaintance or friend. Some features were clear, others less so. Recollection is usable but may lack some finer details."
normal indoor,far (10–30m),mildly stressed,slight,medium,0.54,misidentification,"Typical indoor lighting conditions. Witness watched from across the area. Witness reported mild stress. Only slight prior familiarity. Some features were clear, others less so. Account is partial and should be cross-checked with other sources."
normal indoor,far (10–30m),mildly stressed,familiar,medium,0.55,misidentification,"Typical indoor lighting conditions. Witness watched from across the area. Witness reported mild stress. Generally familiar with the subject. Some features were clear, others less so. Account is partial and should be cross-checked with other sources."
normal indoor,far (10–30m),mildly stressed,close acquaintance,medium,0.56,misidentification,"Typical indoor lighting conditions. Witness watched from across the area. Witness reported mild stress. Close acquaintance or friend. Some features were clear, others less so. Account is partial and should be cross-checked with other sources."
normal indoor,far (10–30m),stressed,none,medium,0.46,misidentification,"Typical indoor lighting conditions. Witness watched from across the area. Witness was visibly tense. No prior familiarity with the subject. Some features were clear, others less so. Account is partial and should be cross-checked with other sources."
normal indoor,far (10–30m),stressed,slight,medium,0.47,misidentification,"Typical indoor lighting conditions. Witness watched from across the area. Witness was visibly tense. Only slight prior familiarity. Some features were clear, others less so. Account is partial and should be cross-checked with other sources."
normal indoor,far (10–30m),stressed,familiar,medium,0.48,misidentification,"Typical indoor lighting conditions. Witness watched from across the area. Witness was visibly tense. Generally familiar with the subject. Some features were clear, others less so. Account is partial and should be cross-checked with other sources."
normal indoor,far (10–30m),stressed,close acquaintance,low,0.33,misidentification; time distortion,"Typical indoor lighting conditions. Witness watched from across the area. Witness was visibly tense. Close acquaintance or friend. Key features were difficult to make out. Account is fragile; use primarily as a lead, not a stand-alone source."
normal indoor,far (10–30m),panicked,none,low,0.27,misidentification; time distortion,"Typical indoor lighting conditions. Witness watched from across the area. Witness described feeling panicked. No prior familiarity with the subject. Key features were difficult to make out. Account is fragile; use primarily as a lead, not a stand-alone source."
normal indoor,far (10–30m),panicked,slight,low,0.28,misidentification; time distortion,"Typical indoor lighting conditions. Witness watched from across the area. Witness described feeling panicked. Only slight prior familiarity. Key features were difficult to make out. Account is fragile; use primarily as a lead, not a stand-alone source."
normal indoor,far (10–30m),panicked,familiar,low,0.29,misidentification; time distortion,"Typical indoor lighting conditions. Witness watched from across the area. Witness described feeling panicked. Generally familiar with the subject. Key features were difficult to make out. Account is fragile; use primarily as a lead, not a stand-alone source."
normal indoor,far (10–30m),panicked,close acquaintance,low,0.3,misidentification; memory blending,Typical indoor lighting conditions. Witness watched from across the area. Witness described feeling panicked. Close acquaintance or friend. Key features were difficult to make out. Account is highly unreliable and best treated as background context.
normal indoor,very far (>30m),calm,none,medium,0.44,misidentification,"Typical indoor lighting conditions. Witness was observing from far away. Witness remained relatively calm. No prior familiarity with the subject. Some features were clear, others less so. Account is partial and should be cross-checked with other sources."
normal indoor,very far (>30m),calm,slight,medium,0.45,misidentification,"Typical indoor lighting conditions. Witness was observing from far away. Witness remained relatively calm. Only slight prior familiarity. Some features were clear, others less so. Account is partial and should be cross-checked with other sources."
normal indoor,very far (>30m),calm,familiar,low,0.3,misidentification; memory blending,Typical indoor lighting conditions. Witness was observing from far away. Witness remained relatively calm. Generally familiar with the subject. Key features were difficult to make out. Account is highly unreliable and best treated as background context.
normal indoor,very far (>30m),calm,close acquaintance,low,0.31,misidentification; memory blending,Typical indoor lighting conditions. Witness was observing from far away. Witness remained relatively calm. Close acquaintance or friend. Key features were difficult to make out. Account is highly unreliable and best treated as background context.
normal indoor,very far (>30m),mildly stressed,none,medium,0.36,misidentification,"Typical indoor lighting conditions. Witness was observing from far away. Witness reported mild stress. No prior familiarity with the subject. Some features were clear, others less so. Account is partial and should be cross-checked with other sources."
normal indoor,very far (>30m),mildly stressed,slight,medium,0.37,misidentification,"Typical indoor lighting conditions. Witness was observing from far away. Witness reported mild stress. Only slight prior familiarity. Some features were clear, others less so. Account is partial and should be cross-checked with other sources."
normal indoor,very far (>30m),mildly stressed,familiar,low,0.22,missing details; memory blending,Typical indoor lighting conditions. Witness was observing from far away. Witness reported mild stress. Generally familiar with the subject. Key features were difficult to make out. Account is highly unreliable and best treated as background context.
normal indoor,very far (>30m),mildly stressed,close acquaintance,low,0.23,missing details; memory blending,Typical indoor lighting conditions. Witness was observing from far away. Witness reported mild stress. Close acquaintance or friend. Key features were difficult to make out. Account is highly unreliable and best treated as background context.
normal indoor,very far (>30m),stressed,slight,medium,0.38,misidentification,"Typical indoor lighting conditions. Witness was observing from far away. Witness was visibly tense. Only slight prior familiarity. Some features were clear, others less so. Account is partial and should be cross-checked with other sources."
normal indoor,very far (>30m),stressed,familiar,low,0.23,missing details; memory blending,Typical indoor lighting conditions. Witness was observing from far away. Witness was visibly tense. Generally familiar with the subject. Key features were difficult to make out. Account is highly unreliable and best treated as background context.
normal indoor,very far (>30m),stressed,close acquaintance,low,0.24,missing details; memory blending,Typical indoor lighting conditions. Witness was observing from far away. Witness was visibly tense. Close acquaintance or friend. Key features were difficult to make out. Account is highly unreliable and best treated as background context.
normal indoor,very far (>30m),panicked,slight,low,0.17,missing details; misperception,Typical indoor lighting conditions. Witness was observing from far away. Witness described feeling panicked. Only slight prior familiarity. Key features were difficult to make out. Account is highly unreliable and best treated as background context.
normal indoor,very far (>30m),panicked,familiar,low,0.18,missing details; misperception,Typical indoor lighting conditions. Witness was observing from far away. Witness described feeling panicked. Generally familiar with the subject. Key features were difficult to make out. Account is highly unreliable and best treated as background context.
normal indoor,very far (>30m),panicked,close acquaintance,low,0.19,missing details; misperception,Typical indoor lighting conditions. Witness was observing from far away. Witness described feeling panicked. Close acquaintance or friend. Key features were difficult to make out. Account is highly unreliable and best treated as background context.
dim,close (<3m),calm,none,high,0.72,minor detail loss,Scene was dimly lit. Witness was very close to the event. Witness remained relatively calm. No prior familiarity with the subject. Details appeared sharp and distinct. Recollection is usable but may lack some finer details.
dim,close (<3m),calm,familiar,high,0.74,minor detail loss,Scene was dimly lit. Witness was very close to the event. Witness remained relatively calm. Generally familiar with the subject. Details appeared sharp and distinct. Recollection is usable but may lack some finer details.
dim,close (<3m),calm,close acquaintance,high,0.75,minor detail loss,Scene was dimly lit. Witness was very close to the event. Witness remained relatively calm. Close acquaintance or friend. Details appeared sharp and distinct. Recollection is usable but may lack some finer details.
dim,close (<3m),mildly stressed,none,medium,0.63,missing details,"Scene was dimly lit. Witness was very close to the event. Witness reported mild stress. No prior familiarity with the subject. Some features were clear, others less so. Recollection is usable but may lack some finer details."
dim,close (<3m),mildly stressed,slight,medium,0.64,missing details,"Scene was dimly lit. Witness was very close to the event. Witness reported mild stress. Only slight prior familiarity. Some features were clear, others less so. Recollection is usable but may lack some finer details."
dim,close (<3m),mildly stressed,familiar,medium,0.65,missing details,"Scene was dimly lit. Witness was very close to the event. Witness reported mild stress. Generally familiar with the subject. Some features were clear, others less so. Recollection is usable but may lack some finer details."
dim,close (<3m),mildly stressed,close acquaintance,medium,0.66,missing details,"Scene was dimly lit. Witness was very close to the event. Witness reported mild stress. Close acquaintance or friend. Some features were clear, others less so. Recollection is usable but may lack some finer details."
dim,close (<3m),stressed,none,medium,0.55,misidentification,"Scene was dimly lit. Witness was very close to the event. Witness was visibly tense. No prior familiarity with the subject. Some features were clear, others less so. Account is partial and should be cross-checked with other sources."
dim,close (<3m),stressed,slight,medium,0.56,misidentification,"Scene was dimly lit. Witness was very close to the event. Witness was visibly tense. Only slight prior familiarity. Some features were clear, others less so. Account is partial and should be cross-checked with other sources."
dim,close (<3m),stressed,familiar,medium,0.57,misidentification,"Scene was dimly lit. Witness was very close to the event. Witness was visibly tense. Generally familiar with the subject. Some features were clear, others less so. Account is partial and should be cross-checked with other sources."
dim,close (<3m),stressed,close acquaintance,low,0.42,misidentification,Scene was dimly lit. Witness was very close to the event. Witness was visibly tense. Close acquaintance or friend. Key features were difficult to make out. Account is partial and should be cross-checked with other sources.
dim,close (<3m),panicked,none,medium,0.47,misidentification,"Scene was dimly lit. Witness was very close to the event. Witness described feeling panicked. No prior familiarity with the subject. Some features were clear, others less so. Account is partial and should be cross-checked with other sources."
dim,close (<3m),panicked,slight,medium,0.48,misidentification,"Scene was dimly lit. Witness was very close to the event. Witness described feeling panicked. Only slight prior familiarity. Some features were clear, others less so. Account is partial and should be cross-checked with other sources."
dim,close (<3m),panicked,familiar,low,0.33,misidentification; time distortion,"Scene was dimly lit. Witness was very close to the event. Witness described feeling panicked. Generally familiar with the subject. Key features were difficult to make out. Account is fragile; use primarily as a lead, not a stand-alone source."
dim,close (<3m),panicked,close acquaintance,low,0.34,misidentification; time distortion,"Scene was dimly lit. Witness was very close to the event. Witness described feeling panicked. Close acquaintance or friend. Key features were difficult to make out. Account is fragile; use primarily as a lead, not a stand-alone source."
dim,medium (3–10m),calm,slight,high,0.68,time distortion,Scene was dimly lit. Witness observed from moderate distance. Witness remained relatively calm. Only slight prior familiarity. Details appeared sharp and distinct. Recollection is usable but may lack some finer details.
dim,medium (3–10m),calm,familiar,high,0.69,time distortion,Scene was dimly lit. Witness observed from moderate distance. Witness remained relatively calm. Generally familiar with the subject. Details appeared sharp and distinct. Recollection is usable but may lack some finer details.
dim,medium (3–10m),calm,close acquaintance,high,0.7,time distortion,Scene was dimly lit. Witness observed from moderate distance. Witness remained relatively calm. Close acquaintance or friend. Details appeared sharp and distinct. Recollection is usable but may lack some finer details.
dim,medium (3–10m),mildly stressed,slight,medium,0.54,misidentification,"Scene was dimly lit. Witness observed from moderate distance. Witness reported mild stress. Only slight prior familiarity. Some features were clear, others less so. Account is partial and should be cross-checked with other sources."
dim,medium (3–10m),mildly stressed,familiar,medium,0.55,misidentification,"Scene was dimly lit. Witness observed from moderate distance. Witness reported mild stress. Generally familiar with the subject. Some features were clear, others less so. Account is partial and should be cross-checked with other sources."
dim,medium (3–10m),mildly stressed,close acquaintance,medium,0.56,misidentification,"Scene was dimly lit. Witness observed from moderate distance. Witness reported mild stress. Close acquaintance or friend. Some features were clear, others less so. Account is partial and should be cross-checked with other sources."
dim,medium (3–10m),stressed,none,medium,0.46,misidentification,"Scene was dimly lit. Witness observed from moderate distance. Witness was visibly tense. No prior familiarity with the subject. Some features were clear, others less so. Account is partial and should be cross-checked with other sources."
dim,medium (3–10m),stressed,slight,medium,0.47,misidentification,"Scene was dimly lit. Witness observed from moderate distance. Witness was visibly tense. Only slight prior familiarity. Some features were clear, others less so. Account is partial and should be cross-checked with other sources."
dim,medium (3–10m),stressed,familiar,medium,0.48,misidentification,"Scene was dimly lit. Witness observed from moderate distance. Witness was visibly tense. Generally familiar with the subject. Some features were clear, others less so. Account is partial and should be cross-checked with other sources."
dim,medium (3–10m),stressed,close acquaintance,low,0.33,misidentification; time distortion,"Scene was dimly lit. Witness observed from moderate distance. Witness was visibly tense. Close acquaintance or friend. Key features were difficult to make out. Account is fragile; use primarily as a lead, not a stand-alone source."
dim,medium (3–10m),panicked,none,low,0.27,misidentification; time distortion,"Scene was dimly lit. Witness observed from moderate distance. Witness described feeling panicked. No prior familiarity with the subject. Key features were difficult to make out. Account is fragile; use primarily as a lead, not a stand-alone source."
dim,medium (3–10m),panicked,slight,low,0.28,misidentification; time distortion,"Scene was dimly lit. Witness observed from moderate distance. Witness described feeling panicked. Only slight prior familiarity. Key features were difficult to make out. Account is fragile; use primarily as a lead, not a stand-alone source."
dim,medium (3–10m),panicked,familiar,low,0.29,misidentification; time distortion,"Scene was dimly lit. Witness observed from moderate distance. Witness described feeling panicked. Generally familiar with the subject. Key features were difficult to make out. Account is fragile; use primarily as a lead, not a stand-alone source."
dim,far (10–30m),calm,none,medium,0.49,misidentification,"Scene was dimly lit. Witness watched from across the area. Witness remained relatively calm. No prior familiarity with the subject. Some features were clear, others less so. Account is partial and should be cross-checked with other sources."
dim,far (10–30m),calm,slight,medium,0.5,misidentification,"Scene was dimly lit. Witness watched from across the area. Witness remained relatively calm. Only slight prior familiarity. Some features were clear, others less so. Account is partial and should be cross-checked with other sources."
dim,far (10–30m),calm,familiar,medium,0.51,misidentification,"Scene was dimly lit. Witness watched from across the area. Witness remained relatively calm. Generally familiar with the subject. Some features were clear, others less so. Account is partial and should be cross-checked with other sources."
dim,far (10–30m),calm,close acquaintance,medium,0.52,misidentification,"Scene was dimly lit. Witness watched from across the area. Witness remained relatively calm. Close acquaintance or friend. Some features were clear, others less so. Account is partial and should be cross-checked with other sources."
dim,far (10–30m),mildly stressed,slight,medium,0.45,misidentification,"Scene was dimly lit. Witness watched from across the area. Witness reported mild stress. Only slight prior familiarity. Some features were clear, others less so. Account is partial and should be cross-checked with other sources."
dim,far (10–30m),mildly stressed,familiar,medium,0.46,misidentification,"Scene was dimly lit. Witness watched from across the area. Witness reported mild stress. Generally familiar with the subject. Some features were clear, others less so. Account is partial and should be cross-checked with other sources."
dim,far (10–30m),mildly stressed,close acquaintance,low,0.31,misidentification; time distortion,"Scene was dimly lit. Witness watched from across the area. Witness reported mild stress. Close acquaintance or friend. Key features were difficult to make out. Account is fragile; use primarily as a lead, not a stand-alone source."
dim,far (10–30m),stressed,slight,medium,0.37,misidentification,"Scene was dimly lit. Witness watched from across the area. Witness was visibly tense. Only slight prior familiarity. Some features were clear, others less so. Account is partial and should be cross-checked with other sources."
dim,far (10–30m),stressed,familiar,medium,0.38,misidentification,"Scene was dimly lit. Witness watched from across the area. Witness was visibly tense. Generally familiar with the subject. Some features were clear, others less so. Account is partial and should be cross-checked with other sources."
dim,far (10–30m),stressed,close acquaintance,low,0.24,missing details; memory blending,Scene was dimly lit. Witness watched from across the area. Witness was visibly tense. Close acquaintance or friend. Key features were difficult to make out. Account is highly unreliable and best treated as background context.
dim,far (10–30m),panicked,none,low,0.18,missing details; memory blending,Scene was dimly lit. Witness watched from across the area. Witness described feeling panicked. No prior familiarity with the subject. Key features were difficult to make out. Account is highly unreliable and best treated as background context.
dim,far (10–30m),panicked,slight,low,0.19,missing details; memory blending,Scene was dimly lit. Witness watched from across the area. Witness described feeling panicked. Only slight prior familiarity. Key features were difficult to make out. Account is highly unreliable and best treated as background context.
dim,very far (>30m),calm,none,medium,0.34,misidentification; time distortion,"Scene was dimly lit. Witness was observing from far away. Witness remained relatively calm. No prior familiarity with the subject. Some features were clear, others less so. Account is fragile; use primarily as a lead, not a stand-alone source."
dim,very far (>30m),calm,slight,medium,0.35,misidentification; time distortion,"Scene was dimly lit. Witness was observing from far away. Witness remained relatively calm. Only slight prior familiarity. Some features were clear, others less so. Account is fragile; use primarily as a lead, not a stand-alone source."
dim,very far (>30m),calm,familiar,low,0.2,missing details; memory blending,Scene was dimly lit. Witness was observing from far away. Witness remained relatively calm. Generally familiar with the subject. Key features were difficult to make out. Account is highly unreliable and best treated as background context.
dim,very far (>30m),calm,close acquaintance,low,0.21,missing details; memory blending,Scene was dimly lit. Witness was observing from far away. Witness remained relatively calm. Close acquaintance or friend. Key features were difficult to make out. Account is highly unreliable and best treated as background context.
dim,very far (>30m),mildly stressed,slight,medium,0.29,misidentification; time distortion,"Scene was dimly lit. Witness was observing from far away. Witness reported mild stress. Only slight prior familiarity. Some features were clear, others less so. Account is fragile; use primarily as a lead, not a stand-alone source."
dim,very far (>30m),mildly stressed,familiar,low,0.19,missing details; memory blending,Scene was dimly lit. Witness was observing from far away. Witness reported mild stress. Generally familiar with the subject. Key features were difficult to make out. Account is highly unreliable and best treated as background context.
dim,very far (>30m),mildly stressed,close acquaintance,low,0.2,missing details; memory blending,Scene was dimly lit. Witness was observing from far away. Witness reported mild stress. Close acquaintance or friend. Key features were difficult to make out. Account is highly unreliable and best treated as background context.
dim,very far (>30m),stressed,slight,medium,0.31,misidentification; time distortion,"Scene was dimly lit. Witness was observing from far away. Witness was visibly tense. Only slight prior familiarity. Some features were clear, others less so. Account is fragile; use primarily as a lead, not a stand-alone source."
dim,very far (>30m),stressed,familiar,low,0.2,missing details; memory blending,Scene was dimly lit. Witness was observing from far away. Witness was visibly tense. Generally familiar with the subject. Key features were difficult to make out. Account is highly unreliable and best treated as background context.
dim,very far (>30m),stressed,close acquaintance,low,0.21,missing details; memory blending,Scene was dimly lit. Witness was observing from far away. Witness was visibly tense. Close acquaintance or friend. Key features were difficult to make out. Account is highly unreliable and best treated as background context.
dim,very far (>30m),panicked,slight,low,0.14,missing details; misperception,Scene was dimly lit. Witness was observing from far away. Witness described feeling panicked. Only slight prior familiarity. Key features were difficult to make out. Account is highly unreliable and best treated as background context.
dim,very far (>30m),panicked,familiar,low,0.15,missing details; misperception,Scene was dimly lit. Witness was observing from far away. Witness described feeling panicked. Generally familiar with the subject. Key features were difficult to make out. Account is highly unreliable and best treated as background context.
dim,very far (>30m),panicked,close acquaintance,low,0.16,missing details; misperception,Scene was dimly lit. Witness was observing from far away. Witness described feeling panicked. Close acquaintance or friend. Key features were difficult to make out. Account is highly unreliable and best treated as background context.
low-light,close (<3m),calm,none,high,0.7,time distortion,Very low ambient light. Witness was very close to the event. Witness remained relatively calm. No prior familiarity with the subject. Details appeared sharp and distinct. Recollection is usable but may lack some finer details.
low-light,close (<3m),calm,slight,high,0.71,time distortion,Very low ambient light. Witness was very close to the event. Witness remained relatively calm. Only slight prior familiarity. Details appeared sharp and distinct. Recollection is usable but may lack some finer details.
low-light,close (<3m),calm,familiar,high,0.72,time distortion,Very low ambient light. Witness was very close to the event. Witness remained relatively calm. Generally familiar with the subject. Details appeared sharp and distinct. Recollection is usable but may lack some finer details.
low-light,close (<3m),calm,close acquaintance,high,0.73,time distortion,Very low ambient light. Witness was very close to the event. Witness remained relatively calm. Close acquaintance or friend. Details appeared sharp and distinct. Recollection is usable but may lack some finer details.
low-light,close (<3m),mildly stressed,none,medium,0.61,missing details,"Very low ambient light. Witness was very close to the event. Witness reported mild stress. No prior familiarity with the subject. Some features were clear, others less so. Recollection is usable but may lack some finer details."
low-light,close (<3m),mildly stressed,slight,medium,0.62,missing details,"Very low ambient light. Witness was very close to the event. Witness reported mild stress. Only slight prior familiarity. Some features were clear, others less so. Recollection is usable but may lack some finer details."
low-light,close (<3m),mildly stressed,familiar,medium,0.63,missing details,"Very low ambient light. Witness was very close to the event. Witness reported mild stress. Generally familiar with the subject. Some features were clear, others less so. Recollection is usable but may lack some finer details."
low-light,close (<3m),mildly stressed,close acquaintance,medium,0.64,missing details,"Very low ambient light. Witness was very close to the event. Witness reported mild stress. Close acquaintance or friend. Some features were clear, others less so. Recollection is usable but may lack some finer details."
low-light,close (<3m),stressed,none,medium,0.53,misidentification,"Very low ambient light. Witness was very close to the event. Witness was visibly tense. No prior familiarity with the subject. Some features were clear, others less so. Account is partial and should be cross-checked with other sources."
low-light,close (<3m),stressed,slight,medium,0.54,misidentification,"Very low ambient light. Witness was very close to the event. Witness was visibly tense. Only slight prior familiarity. Some features were clear, others less so. Account is partial and should be cross-checked with other sources."
low-light,close (<3m),stressed,familiar,low,0.39,misidentification,Very low ambient light. Witness was very close to the event. Witness was visibly tense. Generally familiar with the subject. Key features were difficult to make out. Account is partial and should be cross-checked with other sources.
low-light,close (<3m),stressed,close acquaintance,low,0.4,misidentification,Very low ambient light. Witness was very close to the event. Witness was visibly tense. Close acquaintance or friend. Key features were difficult to make out. Account is partial and should be cross-checked with other sources.
low-light,close (<3m),panicked,none,medium,0.45,misidentification,"Very low ambient light. Witness was very close to the event. Witness described feeling panicked. No prior familiarity with the subject. Some features were clear, others less so. Account is partial and should be cross-checked with other sources."
low-light,close (<3m),panicked,slight,medium,0.46,misidentification,"Very low ambient light. Witness was very close to the event. Witness described feeling panicked. Only slight prior familiarity. Some features were clear, others less so. Account is partial and should be cross-checked with other sources."
low-light,close (<3m),panicked,familiar,low,0.31,misidentification; time distortion,"Very low ambient light. Witness was very close to the event. Witness described feeling panicked. Generally familiar with the subject. Key features were difficult to make out. Account is fragile; use primarily as a lead, not a stand-alone source."
low-light,close (<3m),panicked,close acquaintance,low,0.32,misidentification; time distortion,"Very low ambient light. Witness was very close to the event. Witness described feeling panicked. Close acquaintance or friend. Key features were difficult to make out. Account is fragile; use primarily as a lead, not a stand-alone source."
low-light,medium (3–10m),calm,slight,high,0.64,missing details,Very low ambient light. Witness observed from moderate distance. Witness remained relatively calm. Only slight prior familiarity. Details appeared sharp and distinct. Recollection is usable but may lack some finer details.
low-light,medium (3–10m),calm,familiar,high,0.65,missing details,Very low ambient light. Witness observed from moderate distance. Witness remained relatively calm. Generally familiar with the subject. Details appeared sharp and distinct. Recollection is usable but may lack some finer details.
low-light,medium (3–10m),calm,close acquaintance,high,0.66,missing details,Very low ambient light. Witness observed from moderate distance. Witness remained relatively calm. Close acquaintance or friend. Details appeared sharp and distinct. Recollection is usable but may lack some finer details.
low-light,medium (3–10m),mildly stressed,none,medium,0.56,misidentification,"Very low ambient light. Witness observed from moderate distance. Witness reported mild stress. No prior familiarity with the subject. Some features were clear, others less so. Account is partial and should be cross-checked with other sources."
low-light,medium (3–10m),mildly stressed,slight,medium,0.57,misidentification,"Very low ambient light. Witness observed from moderate distance. Witness reported mild stress. Only slight prior familiarity. Some features were clear, others less so. Account is partial and should be cross-checked with other sources."
low-light,medium (3–10m),mildly stressed,familiar,medium,0.58,misidentification,"Very low ambient light. Witness observed from moderate distance. Witness reported mild stress. Generally familiar with the subject. Some features were clear, others less so. Account is partial and should be cross-checked with other sources."
low-light,medium (3–10m),mildly stressed,close acquaintance,medium,0.59,misidentification,"Very low ambient light. Witness observed from moderate distance. Witness reported mild stress. Close acquaintance or friend. Some features were clear, others less so. Account is partial and should be cross-checked with other sources."
low-light,medium (3–10m),stressed,none,medium,0.48,misidentification,"Very low ambient light. Witness observed from moderate distance. Witness was visibly tense. No prior familiarity with the subject. Some features were clear, others less so. Account is partial and should be cross-checked with other sources."
low-light,medium (3–10m),stressed,slight,medium,0.49,misidentification,"Very low ambient light. Witness observed from moderate distance. Witness was visibly tense. Only slight prior familiarity. Some features were clear, others less so. Account is partial and should be cross-checked with other sources."
low-light,medium (3–10m),stressed,familiar,medium,0.5,misidentification,"Very low ambient light. Witness observed from moderate distance. Witness was visibly tense. Generally familiar with the subject. Some features were clear, others less so. Account is partial and should be cross-checked with other sources."
low-light,medium (3–10m),stressed,close acquaintance,low,0.35,misidentification; time distortion,"Very low ambient light. Witness observed from moderate distance. Witness was visibly tense. Close acquaintance or friend. Key features were difficult to make out. Account is fragile; use primarily as a lead, not a stand-alone source."
low-light,medium (3–10m),panicked,none,low,0.29,misidentification; time distortion,"Very low ambient light. Witness observed from moderate distance. Witness described feeling panicked. No prior familiarity with the subject. Key features were difficult to make out. Account is fragile; use primarily as a lead, not a stand-alone source."
low-light,medium (3–10m),panicked,slight,low,0.3,misidentification; time distortion,"Very low ambient light. Witness observed from moderate distance. Witness described feeling panicked. Only slight prior familiarity. Key features were difficult to make out. Account is fragile; use primarily as a lead, not a stand-alone source."
low-light,medium (3–10m),panicked,familiar,low,0.31,misidentification; time distortion,"Very low ambient light. Witness observed from moderate distance. Witness described feeling panicked. Generally familiar with the subject. Key features were difficult to make out. Account is fragile; use primarily as a lead, not a stand-alone source."
low-light,medium (3–10m),panicked,close acquaintance,low,0.32,misidentification; time distortion,"Very low ambient light. Witness observed from moderate distance. Witness described feeling panicked. Close acquaintance or friend. Key features were difficult to make out. Account is fragile; use primarily as a lead, not a stand-alone source."
low-light,far (10–30m),calm,none,medium,0.49,misidentification,"Very low ambient light. Witness watched from across the area. Witness remained relatively calm. No prior familiarity with the subject. Some features were clear, others less so. Account is partial and should be cross-checked with other sources."
low-light,far (10–30m),calm,slight,medium,0.5,misidentification,"Very low ambient light. Witness watched from across the area. Witness remained relatively calm. Only slight prior familiarity. Some features were clear, others less so. Account is partial and should be cross-checked with other sources."
low-light,far (10–30m),calm,familiar,medium,0.51,misidentification,"Very low ambient light. Witness watched from across the area. Witness remained relatively calm. Generally familiar with the subject. Some features were clear, others less so. Account is partial and should be cross-checked with other sources."
low-light,far (10–30m),calm,close acquaintance,medium,0.52,misidentification,"Very low ambient light. Witness watched from across the area. Witness remained relatively calm. Close acquaintance or friend. Some features were clear, others less so. Account is partial and should be cross-checked with other sources."
low-light,far (10–30m),mildly stressed,none,medium,0.41,misidentification,"Very low ambient light. Witness watched from across the area. Witness reported mild stress. No prior familiarity with the subject. Some features were clear, others less so. Account is partial and should be cross-checked with other sources."
low-light,far (10–30m),mildly stressed,slight,medium,0.42,misidentification,"Very low ambient light. Witness watched from across the area. Witness reported mild stress. Only slight prior familiarity. Some features were clear, others less so. Account is partial and should be cross-checked with other sources."
low-light,far (10–30m),mildly stressed,familiar,medium,0.43,misidentification,"Very low ambient light. Witness watched from across the area. Witness reported mild stress. Generally familiar with the subject. Some features were clear, others less so. Account is partial and should be cross-checked with other sources."
low-light,far (10–30m),mildly stressed,close acquaintance,low,0.28,misidentification; time distortion,"Very low ambient light. Witness watched from across the area. Witness reported mild stress. Close acquaintance or friend. Key features were difficult to make out. Account is fragile; use primarily as a lead, not a stand-alone source."
low-light,far (10–30m),stressed,none,medium,0.33,misidentification; time distortion,"Very low ambient light. Witness watched from across the area. Witness was visibly tense. No prior familiarity with the subject. Some features were clear, others less so. Account is fragile; use primarily as a lead, not a stand-alone source."
low-light,far (10–30m),stressed,slight,medium,0.34,misidentification; time distortion,"Very low ambient light. Witness watched from across the area. Witness was visibly tense. Only slight prior familiarity. Some features were clear, others less so. Account is fragile; use primarily as a lead, not a stand-alone source."
low-light,far (10–30m),stressed,familiar,low,0.19,missing details; memory blending,Very low ambient light. Witness watched from across the area. Witness was visibly tense. Generally familiar with the subject. Key features were difficult to make out. Account is highly unreliable and best treated as background context.
low-light,far (10–30m),stressed,close acquaintance,low,0.2,missing details; memory blending,Very low ambient light. Witness watched from across the area. Witness was visibly tense. Close acquaintance or friend. Key features were difficult to make out. Account is highly unreliable and best treated as background context.
low-light,far (10–30m),panicked,none,low,0.14,missing details; misperception,Very low ambient light. Witness watched from across the area. Witness described feeling panicked. No prior familiarity with the subject. Key features were difficult to make out. Account is highly unreliable and best treated as background context.
low-light,far (10–30m),panicked,slight,low,0.15,missing details; misperception,Very low ambient light. Witness watched from across the area. Witness described feeling panicked. Only slight prior familiarity. Key features were difficult to make out. Account is highly unreliable and best treated as background context.
low-light,far (10–30m),panicked,familiar,low,0.16,missing details; misperception,Very low ambient light. Witness watched from across the area. Witness described feeling panicked. Generally familiar with the subject. Key features were difficult to make out. Account is highly unreliable and best treated as background context.
low-light,very far (>30m),calm,none,medium,0.39,misidentification,"Very low ambient light. Witness was observing from far away. Witness remained relatively calm. No prior familiarity with the subject. Some features were clear, others less so. Account is partial and should be cross-checked with other sources."
low-light,very far (>30m),calm,slight,medium,0.4,misidentification,"Very low ambient light. Witness was observing from far away. Witness remained relatively calm. Only slight prior familiarity. Some features were clear, others less so. Account is partial and should be cross-checked with other sources."
low-light,very far (>30m),calm,familiar,low,0.25,missing details; memory blending,Very low ambient light. Witness was observing from far away. Witness remained relatively calm. Generally familiar with the subject. Key features were difficult to make out. Account is highly unreliable and best treated as background context.
low-light,very far (>30m),calm,close acquaintance,low,0.26,missing details; memory blending,Very low ambient light. Witness was observing from far away. Witness remained relatively calm. Close acquaintance or friend. Key features were difficult to make out. Account is highly unreliable and best treated as background context.
low-light,very far (>30m),mildly stressed,none,medium,0.31,misidentification; time distortion,"Very low ambient light. Witness was observing from far away. Witness reported mild stress. No prior familiarity with the subject. Some features were clear, others less so. Account is fragile; use primarily as a lead, not a stand-alone source."
low-light,very far (>30m),mildly stressed,slight,medium,0.32,misidentification; time distortion,"Very low ambient light. Witness was observing from far away. Witness reported mild stress. Only slight prior familiarity. Some features were clear, others less so. Account is fragile; use primarily as a lead, not a stand-alone source."
low-light,very far (>30m),mildly stressed,familiar,low,0.2,missing details; memory blending,Very low ambient light. Witness was observing from far away. Witness reported mild stress. Generally familiar with the subject. Key features were difficult to make out. Account is highly unreliable and best treated as background context.
low-light,very far (>30m),mildly stressed,close acquaintance,low,0.21,missing details; memory blending,Very low ambient light. Witness was observing from far away. Witness reported mild stress. Close acquaintance or friend. Key features were difficult to make out. Account is highly unreliable and best treated as background context.
low-light,very far (>30m),stressed,none,medium,0.33,misidentification; time distortion,"Very low ambient light. Witness was observing from far away. Witness was visibly tense. No prior familiarity with the subject. Some features were clear, others less so. Account is fragile; use primarily as a lead, not a stand-alone source."
low-light,very far (>30m),stressed,slight,medium,0.34,misidentification; time distortion,"Very low ambient light. Witness was observing from far away. Witness was visibly tense. Only slight prior familiarity. Some features were clear, others less so. Account is fragile; use primarily as a lead, not a stand-alone source."
low-light,very far (>30m),stressed,familiar,low,0.2,missing details; memory blending,Very low ambient light. Witness was observing from far away. Witness was visibly tense. Generally familiar with the subject. Key features were difficult to make out. Account is highly unreliable and best treated as background context.
low-light,very far (>30m),stressed,close acquaintance,low,0.21,missing details; memory blending,Very low ambient light. Witness was observing from far away. Witness was visibly tense. Close acquaintance or friend. Key features were difficult to make out. Account is highly unreliable and best treated as background context.
low-light,very far (>30m),panicked,none,low,0.14,missing details; misperception,Very low ambient light. Witness was observing from far away. Witness described feeling panicked. No prior familiarity with the subject. Key features were difficult to make out. Account is highly unreliable and best treated as background context.
low-light,very far (>30m),panicked,slight,low,0.15,missing details; misperception,Very low ambient light. Witness was observing from far away. Witness described feeling panicked. Only slight prior familiarity. Key features were difficult to make out. Account is highly unreliable and best treated as background context.
low-light,very far (>30m),panicked,familiar,low,0.16,missing details; misperception,Very low ambient light. Witness was observing from far away. Witness described feeling panicked. Generally familiar with the subject. Key features were difficult to make out. Account is highly unreliable and best treated as background context.
low-light,very far (>30m),panicked,close acquaintance,low,0.17,missing details; misperception,Very low ambient light. Witness was observing from far away. Witness described feeling panicked. Close acquaintance or friend. Key features were difficult to make out. Account is highly unreliable and best treated as background context.
backlit,close (<3m),calm,none,high,0.73,time distortion,Strong backlighting behind the subject. Witness was very close to the event. Witness remained relatively calm. No prior familiarity with the subject. Details appeared sharp and distinct. Recollection is usable but may lack some finer details.
backlit,close (<3m),calm,familiar,high,0.75,minor detail loss,Strong backlighting behind the subject. Witness was very close to the event. Witness remained relatively calm. Generally familiar with the subject. Details appeared sharp and distinct. Recollection is usable but may lack some finer details.
backlit,close (<3m),calm,close acquaintance,high,0.76,minor detail loss,Strong backlighting behind the subject. Witness was very close to the event. Witness remained relatively calm. Close acquaintance or friend. Details appeared sharp and distinct. Recollection is usable but may lack some finer details.
backlit,close (<3m),mildly stressed,none,medium,0.64,missing details,"Strong backlighting behind the subject. Witness was very close to the event. Witness reported mild stress. No prior familiarity with the subject. Some features were clear, others less so. Recollection is usable but may lack some finer details."
backlit,close (<3m),mildly stressed,slight,medium,0.65,missing details,"Strong backlighting behind the subject. Witness was very close to the event. Witness reported mild stress. Only slight prior familiarity. Some features were clear, others less so. Recollection is usable but may lack some finer details."
backlit,close (<3m),mildly stressed,familiar,medium,0.66,missing details,"Strong backlighting behind the subject. Witness was very close to the event. Witness reported mild stress. Generally familiar with the subject. Some features were clear, others less so. Recollection is usable but may lack some finer details."
backlit,close (<3m),mildly stressed,close acquaintance,medium,0.67,missing details,"Strong backlighting behind the subject. Witness was very close to the event. Witness reported mild stress. Close acquaintance or friend. Some features were clear, others less so. Recollection is usable but may lack some finer details."
backlit,close (<3m),stressed,none,medium,0.56,misidentification,"Strong backlighting behind the subject. Witness was very close to the event. Witness was visibly tense. No prior familiarity with the subject. Some features were clear, others less so. Account is partial and should be cross-checked with other sources."
backlit,close (<3m),stressed,slight,medium,0.57,misidentification,"Strong backlighting behind the subject. Witness was very close to the event. Witness was visibly tense. Only slight prior familiarity. Some features were clear, others less so. Account is partial and should be cross-checked with other sources."
backlit,close (<3m),stressed,familiar,low,0.42,misidentification,Strong backlighting behind the subject. Witness was very close to the event. Witness was visibly tense. Generally familiar with the subject. Key features were difficult to make out. Account is partial and should be cross-checked with other sources.
backlit,close (<3m),stressed,close acquaintance,low,0.43,misidentification,Strong backlighting behind the subject. Witness was very close to the event. Witness was visibly tense. Close acquaintance or friend. Key features were difficult to make out. Account is partial and should be cross-checked with other sources.
backlit,close (<3m),panicked,none,medium,0.48,misidentification,"Strong backlighting behind the subject. Witness was very close to the event. Witness described feeling panicked. No prior familiarity with the subject. Some features were clear, others less so. Account is partial and should be cross-checked with other sources."
backlit,close (<3m),panicked,slight,medium,0.49,misidentification,"Strong backlighting behind the subject. Witness was very close to the event. Witness described feeling panicked. Only slight prior familiarity. Some features were clear, others less so. Account is partial and should be cross-checked with other sources."
backlit,close (<3m),panicked,familiar,low,0.34,misidentification; time distortion,"Strong backlighting behind the subject. Witness was very close to the event. Witness described feeling panicked. Generally familiar with the subject. Key features were difficult to make out. Account is fragile; use primarily as a lead, not a stand-alone source."
backlit,close (<3m),panicked,close acquaintance,low,0.35,misidentification; time distortion,"Strong backlighting behind the subject. Witness was very close to the event. Witness described feeling panicked. Close acquaintance or friend. Key features were difficult to make out. Account is fragile; use primarily as a lead, not a stand-alone source."
backlit,medium (3–10m),calm,none,high,0.68,time distortion,Strong backlighting behind the subject. Witness observed from moderate distance. Witness remained relatively calm. No prior familiarity with the subject. Details appeared sharp and distinct. Recollection is usable but may lack some finer details.
backlit,medium (3–10m),calm,slight,high,0.69,time distortion,Strong backlighting behind the subject. Witness observed from moderate distance. Witness remained relatively calm. Only slight prior familiarity. Details appeared sharp and distinct. Recollection is usable but may lack some finer details.
backlit,medium (3–10m),calm,close acquaintance,high,0.71,time distortion,Strong backlighting behind the subject. Witness observed from moderate distance. Witness remained relatively calm. Close acquaintance or friend. Details appeared sharp and distinct. Recollection is usable but may lack some finer details.
backlit,medium (3–10m),mildly stressed,none,medium,0.6,missing details,"Strong backlighting behind the subject. Witness observed from moderate distance. Witness reported mild stress. No prior familiarity with the subject. Some features were clear, others less so. Recollection is usable but may lack some finer details."
backlit,medium (3–10m),mildly stressed,slight,medium,0.61,missing details,"Strong backlighting behind the subject. Witness observed from moderate distance. Witness reported mild stress. Only slight prior familiarity. Some features were clear, others less so. Recollection is usable but may lack some finer details."
backlit,medium (3–10m),mildly stressed,familiar,medium,0.62,missing details,"Strong backlighting behind the subject. Witness observed from moderate distance. Witness reported mild stress. Generally familiar with the subject. Some features were clear, others less so. Recollection is usable but may lack some finer details."
backlit,medium (3–10m),mildly stressed,close acquaintance,medium,0.63,missing details,"Strong backlighting behind the subject. Witness observed from moderate distance. Witness reported mild stress. Close acquaintance or friend. Some features were clear, others less so. Recollection is usable but may lack some finer details."
backlit,medium (3–10m),stressed,none,medium,0.52,misidentification,"Strong backlighting behind the subject. Witness observed from moderate distance. Witness was visibly tense. No prior familiarity with the subject. Some features were clear, others less so. Account is partial and should be cross-checked with other sources."
backlit,medium (3–10m),stressed,slight,medium,0.53,misidentification,"Strong backlighting behind the subject. Witness observed from moderate distance. Witness was visibly tense. Only slight prior familiarity. Some features were clear, others less so. Account is partial and should be cross-checked with other sources."
backlit,medium (3–10m),stressed,familiar,medium,0.54,misidentification,"Strong backlighting behind the subject. Witness observed from moderate distance. Witness was visibly tense. Generally familiar with the subject. Some features were clear, others less so. Account is partial and should be cross-checked with other sources."
backlit,medium (3–10m),stressed,close acquaintance,low,0.39,misidentification,Strong backlighting behind the subject. Witness observed from moderate distance. Witness was visibly tense. Close acquaintance or friend. Key features were difficult to make out. Account is partial and should be cross-checked with other sources.
backlit,medium (3–10m),panicked,slight,medium,0.45,misidentification,"Strong backlighting behind the subject. Witness observed from moderate distance. Witness described feeling panicked. Only slight prior familiarity. Some features were clear, others less so. Account is partial and should be cross-checked with other sources."
backlit,medium (3–10m),panicked,familiar,low,0.3,misidentification; memory blending,Strong backlighting behind the subject. Witness observed from moderate distance. Witness described feeling panicked. Generally familiar with the subject. Key features were difficult to make out. Account is highly unreliable and best treated as background context.
backlit,medium (3–10m),panicked,close acquaintance,low,0.31,misidentification; memory blending,Strong backlighting behind the subject. Witness observed from moderate distance. Witness described feeling panicked. Close acquaintance or friend. Key features were difficult to make out. Account is highly unreliable and best treated as background context.
backlit,far (10–30m),calm,none,medium,0.53,misidentification,"Strong backlighting behind the subject. Witness watched from across the area. Witness remained relatively calm. No prior familiarity with the subject. Some features were clear, others less so. Account is partial and should be cross-checked with other sources."
backlit,far (10–30m),calm,slight,medium,0.54,misidentification,"Strong backlighting behind the subject. Witness watched from across the area. Witness remained relatively calm. Only slight prior familiarity. Some features were clear, others less so. Account is partial and should be cross-checked with other sources."
backlit,far (10–30m),calm,familiar,medium,0.55,misidentification,"Strong backlighting behind the subject. Witness watched from across the area. Witness remained relatively calm. Generally familiar with the subject. Some features were clear, others less so. Account is partial and should be cross-checked with other sources."
backlit,far (10–30m),calm,close acquaintance,medium,0.56,misidentification,"Strong backlighting behind the subject. Witness watched from across the area. Witness remained relatively calm. Close acquaintance or friend. Some features were clear, others less so. Account is partial and should be cross-checked with other sources."
backlit,far (10–30m),mildly stressed,none,medium,0.45,misidentification,"Strong backlighting behind the subject. Witness watched from across the area. Witness reported mild stress. No prior familiarity with the subject. Some features were clear, others less so. Account is partial and should be cross-checked with other sources."
backlit,far (10–30m),mildly stressed,slight,medium,0.46,misidentification,"Strong backlighting behind the subject. Witness watched from across the area. Witness reported mild stress. Only slight prior familiarity. Some features were clear, others less so. Account is partial and should be cross-checked with other sources."
backlit,far (10–30m),mildly stressed,familiar,low,0.31,misidentification; time distortion,"Strong backlighting behind the subject. Witness watched from across the area. Witness reported mild stress. Generally familiar with the subject. Key features were difficult to make out. Account is fragile; use primarily as a lead, not a stand-alone source."
backlit,far (10–30m),mildly stressed,close acquaintance,low,0.32,misidentification; time distortion,"Strong backlighting behind the subject. Witness watched from across the area. Witness reported mild stress. Close acquaintance or friend. Key features were difficult to make out. Account is fragile; use primarily as a lead, not a stand-alone source."
backlit,far (10–30m),stressed,none,medium,0.37,misidentification,"Strong backlighting behind the subject. Witness watched from across the area. Witness was visibly tense. No prior familiarity with the subject. Some features were clear, others less so. Account is partial and should be cross-checked with other sources."
backlit,far (10–30m),stressed,slight,medium,0.38,misidentification,"Strong backlighting behind the subject. Witness watched from across the area. Witness was visibly tense. Only slight prior familiarity. Some features were clear, others less so. Account is partial and should be cross-checked with other sources."
backlit,far (10–30m),stressed,familiar,low,0.23,missing details; memory blending,Strong backlighting behind the subject. Witness watched from across the area. Witness was visibly tense. Generally familiar with the subject. Key features were difficult to make out. Account is highly unreliable and best treated as background context.
backlit,far (10–30m),stressed,close acquaintance,low,0.24,missing details; memory blending,Strong backlighting behind the subject. Witness watched from across the area. Witness was visibly tense. Close acquaintance or friend. Key features were difficult to make out. Account is highly unreliable and best treated as background context.
backlit,far (10–30m),panicked,none,low,0.18,missing details; memory blending,Strong backlighting behind the subject. Witness watched from across the area. Witness described feeling panicked. No prior familiarity with the subject. Key features were difficult to make out. Account is highly unreliable and best treated as background context.
backlit,far (10–30m),panicked,slight,low,0.19,missing details; memory blending,Strong backlighting behind the subject. Witness watched from across the area. Witness described feeling panicked. Only slight prior familiarity. Key features were difficult to make out. Account is highly unreliable and best treated as background context.
backlit,very far (>30m),calm,none,medium,0.39,misidentification,"Strong backlighting behind the subject. Witness was observing from far away. Witness remained relatively calm. No prior familiarity with the subject. Some features were clear, others less so. Account is partial and should be cross-checked with other sources."
backlit,very far (>30m),calm,slight,medium,0.4,misidentification,"Strong backlighting behind the subject. Witness was observing from far away. Witness remained relatively calm. Only slight prior familiarity. Some features were clear, others less so. Account is partial and should be cross-checked with other sources."
backlit,very far (>30m),calm,familiar,low,0.25,missing details; memory blending,Strong backlighting behind the subject. Witness was observing from far away. Witness remained relatively calm. Generally familiar with the subject. Key features were difficult to make out. Account is highly unreliable and best treated as background context.
backlit,very far (>30m),calm,close acquaintance,low,0.26,missing details; memory blending,Strong backlighting behind the subject. Witness was observing from far away. Witness remained relatively calm. Close acquaintance or friend. Key features were difficult to make out. Account is highly unreliable and best treated as background context.
backlit,very far (>30m),mildly stressed,none,medium,0.31,misidentification; time distortion,"Strong backlighting behind the subject. Witness was observing from far away. Witness reported mild stress. No prior familiarity with the subject. Some features were clear, others less so. Account is fragile; use primarily as a lead, not a stand-alone source."
backlit,very far (>30m),mildly stressed,slight,medium,0.32,misidentification; time distortion,"Strong backlighting behind the subject. Witness was observing from far away. Witness reported mild stress. Only slight prior familiarity. Some features were clear, others less so. Account is fragile; use primarily as a lead, not a stand-alone source."
backlit,very far (>30m),mildly stressed,familiar,low,0.2,missing details; memory blending,Strong backlighting behind the subject. Witness was observing from far away. Witness reported mild stress. Generally familiar with the subject. Key features were difficult to make out. Account is highly unreliable and best treated as background context.
backlit,very far (>30m),mildly stressed,close acquaintance,low,0.21,missing details; memory blending,Strong backlighting behind the subject. Witness was observing from far away. Witness reported mild stress. Close acquaintance or friend. Key features were difficult to make out. Account is highly unreliable and best treated as background context.
backlit,very far (>30m),stressed,none,medium,0.33,misidentification; time distortion,"Strong backlighting behind the subject. Witness was observing from far away. Witness was visibly tense. No prior familiarity with the subject. Some features were clear, others less so. Account is fragile; use primarily as a lead, not a stand-alone source."
backlit,very far (>30m),stressed,slight,medium,0.34,misidentification; time distortion,"Strong backlighting behind the subject. Witness was observing from far away. Witness was visibly tense. Only slight prior familiarity. Some features were clear, others less so. Account is fragile; use primarily as a lead, not a stand-alone source."
backlit,very far (>30m),stressed,familiar,low,0.2,missing details; memory blending,Strong backlighting behind the subject. Witness was observing from far away. Witness was visibly tense. Generally familiar with the subject. Key features were difficult to make out. Account is highly unreliable and best treated as background context.
backlit,very far (>30m),stressed,close acquaintance,low,0.21,missing details; memory blending,Strong backlighting behind the subject. Witness was observing from far away. Witness was visibly tense. Close acquaintance or friend. Key features were difficult to make out. Account is highly unreliable and best treated as background context.
backlit,very far (>30m),panicked,none,low,0.14,missing details; misperception,Strong backlighting behind the subject. Witness was observing from far away. Witness described feeling panicked. No prior familiarity with the subject. Key features were difficult to make out. Account is highly unreliable and best treated as background context.
backlit,very far (>30m),panicked,slight,low,0.15,missing details; misperception,Strong backlighting behind the subject. Witness was observing from far away. Witness described feeling panicked. Only slight prior familiarity. Key features were difficult to make out. Account is highly unreliable and best treated as background context.
backlit,very far (>30m),panicked,familiar,low,0.16,missing details; misperception,Strong backlighting behind the subject. Witness was observing from far away. Witness described feeling panicked. Generally familiar with the subject. Key features were difficult to make out. Account is highly unreliable and best treated as background context.
backlit,very far (>30m),panicked,close acquaintance,low,0.17,missing details; misperception,Strong backlighting behind the subject. Witness was observing from far away. Witness described feeling panicked. Close acquaintance or friend. Key features were difficult to make out. Account is highly unreliable and best treated as background context.
